{
  "model_file": "battery_tisac_rest_model.pt",
  "feature_order": [
    "t_norm",
    "day_norm",
    "hour_norm",
    "sin_hod",
    "cos_hod",
    "sin_dow",
    "cos_dow",
    "sin_day_year",
    "cos_day_year",
    "c_rate",
    "cum_drive_norm",
    "cum_rest_norm"
  ],
  "norm": {
    "x_mean": [
      0.4999007284641266,
      0.4993137717247009,
      0.42753681540489197,
      0.11228984594345093,
      -0.08281127363443375,
      -1.1652036280285216e-10,
      -2.8699860266101496e-08,
      0.011174939572811127,
      -0.04088246449828148,
      0.0,
      0.1040734201669693,
      0.39582714438438416
    ],
    "x_std": [
      0.28869175910949707,
      0.2886911630630493,
      0.2756418287754059,
      0.6729689240455627,
      0.7263869047164917,
      0.7071408033370972,
      0.7070724964141846,
      0.7193858027458191,
      0.6933144927024841,
      1.0,
      0.060143932700157166,
      0.2285481095314026
    ],
    "q_mean": 22.611745834350586,
    "q_std": 9.160037994384766,
    "r_mean": 0.00840572826564312,
    "r_std": 0.001965466421097517,
    "y_mean": [
      3.6430256366729736,
      25.084157943725586,
      0.0034535073209553957
    ],
    "y_std": [
      0.028452767059206963,
      0.3591713607311249,
      0.6013991236686707
    ],
    "t_max_train_hr": 16799.0,
    "q0": 50.0,
    "r0": 0.005,
    "q_eol": 35.0,
    "mode_name": "rest"
  },
  "resid_stats": {
    "q_resid_std": 0.24082094430923462,
    "r_resid_std": 2.3242211682372727e-05,
    "y_resid_std": [
      0.007118552234693375,
      0.3484746339120452,
      0.599364269410991
    ]
  },
  "device_trained": "cpu"
}