{
  "model_file": "battery_tisac_drive_model.pt",
  "feature_order": [
    "t_norm",
    "day_norm",
    "hour_norm",
    "sin_hod",
    "cos_hod",
    "sin_dow",
    "cos_dow",
    "sin_day_year",
    "cos_day_year",
    "c_rate",
    "cum_drive_norm",
    "cum_rest_norm"
  ],
  "norm": {
    "x_mean": [
      0.5003772974014282,
      0.4993155300617218,
      0.7753521800041199,
      -0.42670145630836487,
      0.3146827816963196,
      -2.714565816575032e-08,
      2.72478377638663e-08,
      0.011174937710165977,
      -0.04088328033685684,
      0.4436534643173218,
      0.10414309054613113,
      0.39623361825942993
    ],
    "x_std": [
      0.2886936664581299,
      0.2886921465396881,
      0.22430062294006348,
      0.6701674461364746,
      0.5193962454795837,
      0.707096517086029,
      0.7071170210838318,
      0.7193872928619385,
      0.6933164000511169,
      0.09930748492479324,
      0.06014426052570343,
      0.22854943573474884
    ],
    "q_mean": 22.600486755371094,
    "q_std": 9.146442413330078,
    "r_mean": 0.008408110588788986,
    "r_std": 0.001965485978871584,
    "y_mean": [
      3.447324275970459,
      25.08672332763672,
      86.0869140625
    ],
    "y_std": [
      0.05116737633943558,
      0.36311790347099304,
      40.29116439819336
    ],
    "t_max_train_hr": 16799.0,
    "q0": 50.0,
    "r0": 0.005,
    "q_eol": 40.0,
    "mode_name": "driving"
  },
  "resid_stats": {
    "q_resid_std": 0.19591636955738068,
    "r_resid_std": 2.258375388919376e-05,
    "y_resid_std": [
      0.0071773617434339925,
      0.342250423124029,
      3.348880401593073
    ]
  },
  "device_trained": "cpu"
}